Zip,City,State,Latitude,Longitude,Timezone,Daylight savings time flag,geopoint
56171,Sherburn,MN,43.660847,-94.74357,-6,1,43.660847
55302,Annandale,MN,45.246631,-94.11692,-6,1,45.246631
55992,Zumbrota,MN,44.297157,-92.68312,-6,1,44.297157
56517,Beltrami,MN,47.55171,-96.53492,-6,1,47.55171
56091,Waldorf,MN,43.930363,-93.69492,-6,1,43.930363
55125,Saint Paul,MN,44.921982,-92.94234,-6,1,44.921982
56039,Granada,MN,43.680519,-94.33773,-6,1,43.680519
56011,Belle Plaine,MN,44.616113,-93.76906,-6,1,44.616113
56522,Campbell,MN,46.130213,-96.40019,-6,1,46.130213
55381,Silver Lake,MN,44.904987,-94.18802,-6,1,44.904987
55723,Cook,MN,47.854987,-92.77077,-6,1,47.854987
55018,Dennison,MN,44.422975,-93.00089,-6,1,44.422975
55054,New Market,MN,44.571056,-93.354267,-6,1,44.571056
56127,Dunnell,MN,43.556667,-94.77432,-6,1,43.556667
55408,Minneapolis,MN,44.947515,-93.28742,-6,1,44.947515
56083,Sanborn,MN,44.21838,-95.13348,-6,1,44.21838
55953,Lyle,MN,43.519177,-92.96466,-6,1,43.519177
55592,Maple Plain,MN,45.200875,-93.888099,-6,1,45.200875
56477,Sebeka,MN,46.630023,-95.01222,-6,1,46.630023
55430,Minneapolis,MN,45.059265,-93.29977,-6,1,45.059265
55045,Lindstrom,MN,45.387281,-92.83551,-6,1,45.387281
56277,Olivia,MN,44.766441,-94.99624,-6,1,44.766441
55168,Saint Paul,MN,45.005902,-93.105869,-6,1,45.005902
55985,West Concord,MN,44.157166,-92.89357,-6,1,44.157166
56052,Kilkenny,MN,44.320314,-93.57071,-6,1,44.320314
55306,Burnsville,MN,44.732569,-93.28909,-6,1,44.732569
55341,Hanover,MN,45.15546,-93.66369,-6,1,45.15546
55470,Minneapolis,MN,45.015914,-93.47188,-6,1,45.015914
56528,Dent,MN,46.528138,-95.79661,-6,1,46.528138
55730,Grand Rapids,MN,47.087782,-93.921429,-6,1,47.087782
56710,Alvarado,MN,48.192532,-96.9986,-6,1,48.192532
55037,Hinckley,MN,46.008128,-92.79349,-6,1,46.008128
56381,Starbuck,MN,45.578335,-95.55201,-6,1,45.578335
55735,Finlayson,MN,46.250308,-93.04462,-6,1,46.250308
56279,Pennock,MN,45.200641,-95.17748,-6,1,45.200641
56750,Red Lake Falls,MN,47.886448,-96.29033,-6,1,47.886448
55038,Hugo,MN,45.161267,-92.99596,-6,1,45.161267
55080,Stanchfield,MN,45.651767,-93.21439,-6,1,45.651767
55144,Saint Paul,MN,45.005902,-93.105869,-6,1,45.005902
55447,Minneapolis,MN,45.003363,-93.49262,-6,1,45.003363
56088,Truman,MN,43.834331,-94.4436,-6,1,43.834331
56762,Warren,MN,48.195512,-96.74207,-6,1,48.195512
55070,Saint Francis,MN,45.395912,-93.37005,-6,1,45.395912
55369,Osseo,MN,45.120764,-93.43183,-6,1,45.120764
55988,Stockton,MN,44.025446,-91.77304,-6,1,44.025446
56565,Nashua,MN,46.040316,-96.31772,-6,1,46.040316
55803,Duluth,MN,46.972432,-92.10105,-6,1,46.972432
56073,New Ulm,MN,44.308395,-94.46149,-6,1,44.308395
56308,Alexandria,MN,45.88645,-95.38287,-6,1,45.88645
56003,Mankato,MN,44.184909,-94.04244,-6,1,44.184909
55557,Young America,MN,44.805487,-93.766524,-6,1,44.805487
55956,Mazeppa,MN,44.272368,-92.53501,-6,1,44.272368
56724,Gatzke,MN,48.445999,-95.74148,-6,1,48.445999
56452,Hackensack,MN,46.963355,-94.4646,-6,1,46.963355
56397,Saint Cloud,MN,45.52886,-94.593338,-6,1,45.52886
55114,Saint Paul,MN,44.964815,-93.19581,-6,1,44.964815
55065,Randolph,MN,44.534866,-93.02959,-6,1,44.534866
55327,Dayton,MN,45.217054,-93.47612,-6,1,45.217054
56465,Merrifield,MN,46.527729,-94.11071,-6,1,46.527729
56541,Flom,MN,47.325074,-96.469194,-6,1,47.325074
56751,Roseau,MN,48.817919,-95.75167,-6,1,48.817919
56174,Storden,MN,44.031366,-95.30674,-6,1,44.031366
56260,Maynard,MN,44.943885,-95.48031,-6,1,44.943885
56142,Ivanhoe,MN,44.476959,-96.23,-6,1,44.476959
55588,Monticello,MN,44.989512,-93.880245,-6,1,44.989512
56377,Sartell,MN,45.622966,-94.20959,-6,1,45.622966
56637,Talmoon,MN,47.611885,-93.83267,-6,1,47.611885
56055,Lake Crystal,MN,44.128212,-94.23883,-6,1,44.128212
56271,Murdock,MN,45.242264,-95.42422,-6,1,45.242264
56114,Avoca,MN,43.971169,-95.6128,-6,1,43.971169
55435,Minneapolis,MN,44.875614,-93.33487,-6,1,44.875614
56156,Luverne,MN,43.653947,-96.2303,-6,1,43.653947
56481,Verndale,MN,46.434002,-94.95748,-6,1,46.434002
55063,Pine City,MN,45.824236,-92.95813,-6,1,45.824236
56219,Browns Valley,MN,45.606998,-96.81833,-6,1,45.606998
55939,Harmony,MN,43.55123,-92.04994,-6,1,43.55123
56319,Carlos,MN,45.990781,-95.27033,-6,1,45.990781
56075,Northrop,MN,43.735594,-94.43584,-6,1,43.735594
56484,Walker,MN,47.099774,-94.53347,-6,1,47.099774
56164,Pipestone,MN,44.020814,-96.32473,-6,1,44.020814
56284,Renville,MN,44.783251,-95.20682,-6,1,44.783251
55603,Finland,MN,47.502703,-91.20122,-6,1,47.502703
55107,Saint Paul,MN,44.928315,-93.08876,-6,1,44.928315
55715,Buhl,MN,47.494762,-92.780293,-6,1,47.494762
55722,Coleraine,MN,47.285247,-93.43112,-6,1,47.285247
56227,Correll,MN,45.290863,-96.16888,-6,1,45.290863
56353,Milaca,MN,45.760191,-93.63247,-6,1,45.760191
56143,Jackson,MN,43.625811,-95.00447,-6,1,43.625811
56169,Russell,MN,44.319682,-95.98835,-6,1,44.319682
56267,Morris,MN,45.584124,-95.9092,-6,1,45.584124
56478,Nimrod,MN,46.605266,-94.900729,-6,1,46.605266
55331,Excelsior,MN,44.901368,-93.58278,-6,1,44.901368
55947,La Crescent,MN,43.829382,-91.33919,-6,1,43.829382
55164,Saint Paul,MN,44.990915,-93.106593,-6,1,44.990915
55184,Duluth,MN,46.837172,-92.202829,-6,1,46.837172
55355,Litchfield,MN,45.104473,-94.52868,-6,1,45.104473
55460,Minneapolis,MN,45.015914,-93.47188,-6,1,45.015914
56209,Atwater,MN,45.128657,-94.79069,-6,1,45.128657
56742,Oklee,MN,47.899103,-95.84846,-6,1,47.899103
55089,Welch,MN,44.586242,-92.70293,-6,1,44.586242
56623,Baudette,MN,48.663939,-94.54953,-6,1,48.663939
55026,Frontenac,MN,44.523212,-92.33216,-6,1,44.523212
56468,Nisswa,MN,46.501623,-94.28917,-6,1,46.501623
55808,Duluth,MN,46.674141,-92.2276,-6,1,46.674141
55389,Watkins,MN,45.291986,-94.43811,-6,1,45.291986
55931,Eitzen,MN,43.511822,-91.46635,-6,1,43.511822
56041,Hanska,MN,44.149047,-94.5238,-6,1,44.149047
55964,Plainview,MN,44.164431,-92.17048,-6,1,44.164431
56276,Odessa,MN,45.245844,-96.32641,-6,1,45.245844
56533,Elizabeth,MN,46.405807,-96.15831,-6,1,46.405807
55317,Chanhassen,MN,44.866236,-93.54487,-6,1,44.866236
55055,Newport,MN,44.871166,-93.00187,-6,1,44.871166
56676,Shevlin,MN,47.506665,-95.21527,-6,1,47.506665
55166,Saint Paul,MN,45.005902,-93.105869,-6,1,45.005902
55304,Andover,MN,45.254715,-93.28652,-6,1,45.254715
55422,Minneapolis,MN,45.014764,-93.33965,-6,1,45.014764
55328,Delano,MN,45.032489,-93.79591,-6,1,45.032489
55578,Maple Plain,MN,45.015914,-93.47188,-6,1,45.015914
55311,Osseo,MN,45.102133,-93.48757,-6,1,45.102133
55704,Askov,MN,46.22572,-92.76706,-6,1,46.22572
55436,Minneapolis,MN,44.903864,-93.37056,-6,1,44.903864
55029,Grandy,MN,45.642235,-93.201107,-6,1,45.642235
55441,Minneapolis,MN,45.001997,-93.42421,-6,1,45.001997
56131,Fulda,MN,43.861532,-95.59378,-6,1,43.861532
56270,Morton,MN,44.552749,-94.98994,-6,1,44.552749
55432,Minneapolis,MN,45.095674,-93.25336,-6,1,45.095674
55119,Saint Paul,MN,44.957315,-93.00616,-6,1,44.957315
55606,Hovland,MN,47.940908,-90.01705,-6,1,47.940908
56375,Saint Stephen,MN,45.702598,-94.27609,-6,1,45.702598
56543,Foxhome,MN,46.290371,-96.33238,-6,1,46.290371
55308,Becker,MN,45.426203,-93.85017,-6,1,45.426203
56585,Ulen,MN,47.087171,-96.24725,-6,1,47.087171
56659,Max,MN,47.64542,-94.05089,-6,1,47.64542
56722,Euclid,MN,47.970507,-96.66654,-6,1,47.970507
55591,Monticello,MN,45.200875,-93.888099,-6,1,45.200875
55955,Mantorville,MN,44.068344,-92.75616,-6,1,44.068344
56309,Ashby,MN,46.080287,-95.80539,-6,1,46.080287
56757,Stephen,MN,48.478075,-96.83465,-6,1,48.478075
55582,Monticello,MN,45.200875,-93.888099,-6,1,45.200875
56017,Cleveland,MN,44.304948,-93.80077,-6,1,44.304948
56150,Lakefield,MN,43.649239,-95.19501,-6,1,43.649239
56262,Milan,MN,45.113285,-95.86913,-6,1,45.113285
56550,Hendrum,MN,47.271427,-96.76456,-6,1,47.271427
55053,Nerstrand,MN,44.338132,-93.05543,-6,1,44.338132
55567,Young America,MN,44.805487,-93.766524,-6,1,44.805487
55169,Saint Paul,MN,45.005902,-93.105869,-6,1,45.005902
56683,Tenstrike,MN,47.690018,-94.71889,-6,1,47.690018
55910,Altura,MN,44.128262,-91.95965,-6,1,44.128262
56688,Wirt,MN,47.756467,-93.93298,-6,1,47.756467
56518,Bluffton,MN,46.467905,-95.25532,-6,1,46.467905
55394,Young America,MN,44.805487,-93.766524,-6,1,44.805487
55115,Saint Paul,MN,45.060048,-92.95762,-6,1,45.060048
56212,Bellingham,MN,45.140784,-96.32855,-6,1,45.140784
56515,Battle Lake,MN,46.284496,-95.70975,-6,1,46.284496
56082,Saint Peter,MN,44.337276,-93.99282,-6,1,44.337276
55005,Bethel,MN,45.395494,-93.23584,-6,1,45.395494
56282,Raymond,MN,45.028945,-95.22418,-6,1,45.028945
55801,Duluth,MN,47.005566,-92.001934,-6,1,47.005566
55571,Maple Plain,MN,45.015914,-93.47188,-6,1,45.015914
55454,Minneapolis,MN,44.969465,-93.24327,-6,1,44.969465
56650,Kelliher,MN,47.997931,-94.55748,-6,1,47.997931
55763,Makinen,MN,47.310374,-92.20091,-6,1,47.310374
56178,Tyler,MN,44.274909,-96.12408,-6,1,44.274909
56251,Kandiyohi,MN,45.133103,-94.91976,-6,1,45.133103
55272,Kroschel,MN,46.147161,-93.084687,-6,1,46.147161
55337,Burnsville,MN,44.770297,-93.27302,-6,1,44.770297
55478,Minneapolis,MN,45.015914,-93.47188,-6,1,45.015914
55749,Holyoke,MN,46.463827,-92.40766,-6,1,46.463827
56287,Seaforth,MN,44.475845,-95.32579,-6,1,44.475845
55006,Braham,MN,45.722,-93.19781,-6,1,45.722
55074,Shafer,MN,45.381784,-92.7278,-6,1,45.381784
55597,Loretto,MN,45.015914,-93.47188,-6,1,45.015914
55962,Peterson,MN,43.762272,-91.8453,-6,1,43.762272
56215,Benson,MN,45.317872,-95.57247,-6,1,45.317872
56047,Huntley,MN,43.738397,-94.228897,-6,1,43.738397
55585,Monticello,MN,45.200875,-93.888099,-6,1,45.200875
56360,Osakis,MN,45.884771,-95.10486,-6,1,45.884771
56538,Fergus Falls,MN,46.412413,-95.713452,-6,1,46.412413
56304,Saint Cloud,MN,45.547283,-94.11303,-6,1,45.547283
56511,Audubon,MN,46.863375,-95.99585,-6,1,46.863375
55007,Brook Park,MN,45.955831,-93.1044,-6,1,45.955831
55602,Brimson,MN,47.309443,-91.87839,-6,1,47.309443
56332,Garfield,MN,45.950306,-95.50754,-6,1,45.950306
55444,Minneapolis,MN,45.106065,-93.30461,-6,1,45.106065
55573,Young America,MN,45.015914,-93.47188,-6,1,45.015914
55721,Cohasset,MN,47.247648,-93.66491,-6,1,47.247648
56527,Deer Creek,MN,46.383585,-95.31644,-6,1,46.383585
55797,Wrenshall,MN,46.534005,-92.41983,-6,1,46.534005
56529,Dilworth,MN,46.878062,-96.70242,-6,1,46.878062
56629,Birchdale,MN,48.551313,-94.17684,-6,1,48.551313
56713,Argyle,MN,48.342579,-96.79448,-6,1,48.342579
56151,Lake Wilson,MN,44.015184,-95.91403,-6,1,44.015184
55396,Winthrop,MN,44.536882,-94.36811,-6,1,44.536882
56177,Trosky,MN,43.887295,-96.25132,-6,1,43.887295
55806,Duluth,MN,46.770773,-92.12718,-6,1,46.770773
56680,Spring Lake,MN,47.663689,-93.94631,-6,1,47.663689
55036,Henriette,MN,45.871294,-93.11852,-6,1,45.871294
56056,La Salle,MN,44.070204,-94.57143,-6,1,44.070204
55305,Hopkins,MN,44.953763,-93.43346,-6,1,44.953763
56436,Benedict,MN,47.143679,-94.68589,-6,1,47.143679
55405,Minneapolis,MN,44.971798,-93.30273,-6,1,44.971798
55587,Monticello,MN,45.200875,-93.888099,-6,1,45.200875
55902,Rochester,MN,43.991846,-92.49166,-6,1,43.991846
55969,Rollingstone,MN,44.079021,-91.84612,-6,1,44.079021
56223,Clarkfield,MN,44.761504,-95.8183,-6,1,44.761504
56162,Ormsby,MN,43.843264,-94.68446,-6,1,43.843264
56372,Saint Cloud,MN,45.52886,-94.593338,-6,1,45.52886
56679,South International Falls,MN,48.27888,-93.755536,-6,1,48.27888
55748,Hill City,MN,46.956138,-93.60042,-6,1,46.956138
56172,Slayton,MN,44.007631,-95.75803,-6,1,44.007631
56369,Rockville,MN,45.470635,-94.33862,-6,1,45.470635
55403,Minneapolis,MN,44.971765,-93.28557,-6,1,44.971765
55040,Isanti,MN,45.470239,-93.27947,-6,1,45.470239
55128,Saint Paul,MN,44.985792,-92.96532,-6,1,44.985792
56147,Kenneth,MN,43.750164,-96.06591,-6,1,43.750164
56446,Eagle Bend,MN,46.145445,-95.07071,-6,1,46.145445
56586,Underwood,MN,46.330985,-95.84679,-6,1,46.330985
55368,Norwood,MN,44.756883,-93.91666,-6,1,44.756883
56589,Waubun,MN,47.174775,-95.74517,-6,1,47.174775
55078,Stacy,MN,45.513447,-92.894239,-6,1,45.513447
56536,Felton,MN,47.050391,-96.53933,-6,1,47.050391
56651,Lengby,MN,47.465509,-95.64614,-6,1,47.465509
56208,Appleton,MN,45.228278,-96.00539,-6,1,45.228278
55376,Saint Michael,MN,45.20382,-93.67618,-6,1,45.20382
55786,Taconite,MN,47.314189,-93.38487,-6,1,47.314189
55608,Rosemount,MN,44.741484,-93.113155,-6,1,44.741484
56631,Bowstring,MN,47.087782,-93.921429,-6,1,47.087782
56663,Pennington,MN,47.464399,-94.44806,-6,1,47.464399
55121,Saint Paul,MN,44.844965,-93.14431,-6,1,44.844965
55334,Gaylord,MN,44.542729,-94.21773,-6,1,44.542729
56320,Cold Spring,MN,45.462728,-94.42511,-6,1,45.462728
56350,McGrath,MN,46.274325,-93.26096,-6,1,46.274325
56444,Deerwood,MN,46.438976,-93.89064,-6,1,46.438976
56672,Remer,MN,47.036967,-94.02951,-6,1,47.036967
56389,West Union,MN,45.799542,-95.08213,-6,1,45.799542
56475,Randall,MN,46.099545,-94.50864,-6,1,46.099545
55372,Prior Lake,MN,44.704646,-93.42139,-6,1,44.704646
55782,Soudan,MN,47.813694,-92.23977,-6,1,47.813694
55768,Mountain Iron,MN,47.502878,-92.66548,-6,1,47.502878
56239,Ghent,MN,44.515475,-95.89576,-6,1,44.515475
55728,Bigfork,MN,47.757041,-93.64059,-6,1,47.757041
55419,Minneapolis,MN,44.902414,-93.29012,-6,1,44.902414
56479,Staples,MN,46.380664,-94.80503,-6,1,46.380664
56385,Villard,MN,45.702767,-95.21433,-6,1,45.702767
55474,Minneapolis,MN,45.015914,-93.47188,-6,1,45.015914
55711,Brookston,MN,46.870672,-92.65082,-6,1,46.870672
56026,Ellendale,MN,43.884985,-93.2917,-6,1,43.884985
55087,Warsaw,MN,44.247889,-93.39305,-6,1,44.247889
55720,Cloquet,MN,46.727077,-92.48612,-6,1,46.727077
55963,Pine Island,MN,44.196932,-92.65482,-6,1,44.196932
56159,Mountain Lake,MN,43.942515,-94.93058,-6,1,43.942515
56701,Thief River Falls,MN,48.118625,-96.1793,-6,1,48.118625
55014,Circle Pines,MN,45.153516,-93.14463,-6,1,45.153516
55718,Carlton,MN,46.649697,-92.48477,-6,1,46.649697
55976,Stewartville,MN,43.862105,-92.49849,-6,1,43.862105
56006,Mankato,MN,44.056047,-94.069828,-6,1,44.056047
56292,Vesta,MN,44.501023,-95.45228,-6,1,44.501023
56594,Wolverton,MN,46.565562,-96.66702,-6,1,46.565562
55605,Grand Portage,MN,47.967442,-89.73735,-6,1,47.967442
55431,Minneapolis,MN,44.829564,-93.30982,-6,1,44.829564
55609,Knife River,MN,46.94939,-91.78525,-6,1,46.94939
56085,Sleepy Eye,MN,44.29717,-94.73426,-6,1,44.29717
55352,Jordan,MN,44.657463,-93.6133,-6,1,44.657463
55716,Calumet,MN,47.32211,-93.27581,-6,1,47.32211
56224,Clements,MN,44.375214,-95.06695,-6,1,44.375214
55407,Minneapolis,MN,44.934915,-93.25424,-6,1,44.934915
56176,Trimont,MN,43.771341,-94.72593,-6,1,43.771341
55415,Minneapolis,MN,44.973415,-93.25941,-6,1,44.973415
56442,Crosslake,MN,46.67066,-94.10686,-6,1,46.67066
55133,Saint Paul,MN,45.005902,-93.105869,-6,1,45.005902
55613,Schroeder,MN,47.651374,-90.95917,-6,1,47.651374
55105,Saint Paul,MN,44.934465,-93.16554,-6,1,44.934465
55409,Minneapolis,MN,44.924115,-93.28362,-6,1,44.924115
55559,Young America,MN,44.805487,-93.766524,-6,1,44.805487
56278,Ortonville,MN,45.335958,-96.40032,-6,1,45.335958
56288,Spicer,MN,45.238936,-94.95001,-6,1,45.238936
55446,Minneapolis,MN,45.039312,-93.47988,-6,1,45.039312
55752,Jacobson,MN,46.974237,-93.2632,-6,1,46.974237
56634,Clearbrook,MN,47.67265,-95.42809,-6,1,47.67265
55411,Minneapolis,MN,44.999165,-93.29823,-6,1,44.999165
55043,Lakeland,MN,44.9316,-92.77001,-6,1,44.9316
55111,Saint Paul,MN,44.882838,-93.200671,-6,1,44.882838
55957,Millville,MN,44.244633,-92.29074,-6,1,44.244633
56473,Pillager,MN,46.368605,-94.4846,-6,1,46.368605
55912,Austin,MN,43.671988,-92.97908,-6,1,43.671988
56643,Fleming,MN,46.631748,-93.515456,-6,1,46.631748
55750,Hoyt Lakes,MN,47.517269,-92.0706,-6,1,47.517269
55804,Duluth,MN,46.86242,-91.98342,-6,1,46.86242
56240,Graceville,MN,45.568463,-96.45916,-6,1,45.568463
55088,Webster,MN,44.541055,-93.38713,-6,1,44.541055
55358,Maple Lake,MN,45.244744,-94.00289,-6,1,45.244744
55945,Kellogg,MN,44.273406,-92.04934,-6,1,44.273406
55777,Virginia,MN,47.640367,-92.442797,-6,1,47.640367
55942,Homer,MN,44.019989,-91.68187,-6,1,44.019989
56576,Richville,MN,46.467527,-95.69675,-6,1,46.467527
56089,Twin Lakes,MN,43.563452,-93.42694,-6,1,43.563452
55307,Arlington,MN,44.613278,-94.10728,-6,1,44.613278
56065,Mapleton,MN,43.931415,-93.92866,-6,1,43.931415
56368,Richmond,MN,45.448703,-94.52597,-6,1,45.448703
56097,Wells,MN,43.731479,-93.71837,-6,1,43.731479
56741,Oak Island,MN,49.242285,-94.84003,-6,1,49.242285
56122,Chandler,MN,43.89707,-95.95855,-6,1,43.89707
56111,Alpha,MN,43.645226,-94.8715,-6,1,43.645226
55932,Elgin,MN,44.135053,-92.28314,-6,1,44.135053
55975,Spring Valley,MN,43.686356,-92.37242,-6,1,43.686356
55814,Duluth,MN,47.640367,-92.442797,-6,1,47.640367
55960,Oronoco,MN,44.152623,-92.53706,-6,1,44.152623
56382,Swanville,MN,45.904129,-94.62373,-6,1,45.904129
55968,Reads Landing,MN,44.340826,-92.282467,-6,1,44.340826
55145,Saint Paul,MN,45.005902,-93.105869,-6,1,45.005902
56575,Ponsford,MN,47.042394,-95.43451,-6,1,47.042394
55779,Saginaw,MN,46.908416,-92.44913,-6,1,46.908416
56657,Marcell,MN,47.578093,-93.62929,-6,1,47.578093
55113,Saint Paul,MN,45.011215,-93.15536,-6,1,45.011215
55583,Norwood,MN,44.805487,-93.766524,-6,1,44.805487
56566,Naytahwaush,MN,47.257131,-95.61749,-6,1,47.257131
56376,Saint Martin,MN,45.498506,-94.66271,-6,1,45.498506
56366,Bowstring,MN,47.572516,-93.899486,-6,1,47.572516
55731,Ely,MN,47.913365,-91.91712,-6,1,47.913365
56668,Ranier,MN,48.603143,-93.29771,-6,1,48.603143
56087,Springfield,MN,44.239384,-94.98313,-6,1,44.239384
55905,Rochester,MN,44.022513,-92.466826,-6,1,44.022513
55424,Minneapolis,MN,44.904414,-93.34045,-6,1,44.904414
55751,Iron,MN,47.405699,-92.63067,-6,1,47.405699
56285,Sacred Heart,MN,44.79624,-95.35045,-6,1,44.79624
56249,Holloway,MN,45.299531,-95.8996,-6,1,45.299531
56386,Wahkon,MN,46.114445,-93.51986,-6,1,46.114445
55732,Embarrass,MN,47.624206,-92.23909,-6,1,47.624206
56669,Ray,MN,48.443118,-93.14296,-6,1,48.443118
55738,Forbes,MN,47.296271,-92.65485,-6,1,47.296271
55324,Darwin,MN,45.057766,-94.40368,-6,1,45.057766
55398,Zimmerman,MN,45.455085,-93.57873,-6,1,45.455085
56029,Emmons,MN,43.516115,-93.51768,-6,1,43.516115
56619,Bemidji,MN,47.625699,-94.822154,-6,1,47.625699
55075,South Saint Paul,MN,44.887966,-93.04546,-6,1,44.887966
55031,Hampton,MN,44.607553,-92.98548,-6,1,44.607553
55316,Champlin,MN,45.170714,-93.38452,-6,1,45.170714
55479,Minneapolis,MN,45.015914,-93.47188,-6,1,45.015914
56431,Aitkin,MN,46.507241,-93.66458,-6,1,46.507241
56373,Royalton,MN,45.840565,-94.26434,-6,1,45.840565
55615,Tofte,MN,47.677189,-90.81276,-6,1,47.677189
55946,Kenyon,MN,44.268145,-92.9651,-6,1,44.268145
56574,Perley,MN,47.197932,-96.72953,-6,1,47.197932
55601,Beaver Bay,MN,47.258584,-91.29977,-6,1,47.258584
55607,Isabella,MN,47.664633,-91.52953,-6,1,47.664633
55083,Stillwater,MN,45.021016,-92.983726,-6,1,45.021016
55593,Maple Plain,MN,45.015914,-93.47188,-6,1,45.015914
56568,Nielsville,MN,47.53525,-96.78313,-6,1,47.53525
56022,Darfur,MN,44.049908,-94.83877,-6,1,44.049908
55923,Chatfield,MN,43.84113,-92.1606,-6,1,43.84113
56062,Madelia,MN,44.045998,-94.4211,-6,1,44.045998
55760,Mcgregor,MN,46.67746,-93.28391,-6,1,46.67746
56338,Hillman,MN,46.035241,-93.9153,-6,1,46.035241
55676,Barnum,MN,46.471964,-92.687947,-6,1,46.471964
56343,Kensington,MN,45.795887,-95.66742,-6,1,45.795887
56547,Glyndon,MN,46.884481,-96.56301,-6,1,46.884481
55069,Rush City,MN,45.690784,-92.96843,-6,1,45.690784
55412,Minneapolis,MN,45.027715,-93.30337,-6,1,45.027715
56063,Madison Lake,MN,44.204121,-93.81923,-6,1,44.204121
55359,Maple Plain,MN,45.002212,-93.69319,-6,1,45.002212
56334,Glenwood,MN,45.609555,-95.35104,-6,1,45.609555
56587,Vergas,MN,46.64246,-95.83042,-6,1,46.64246
56628,Bigfork,MN,47.667203,-93.58773,-6,1,47.667203
55392,Navarre,MN,45.015914,-93.47188,-6,1,45.015914
56019,Comfrey,MN,44.11754,-94.88998,-6,1,44.11754
56573,Perham,MN,46.607429,-95.55911,-6,1,46.607429
56712,Angus,MN,48.071847,-96.74918,-6,1,48.071847
55936,Grand Meadow,MN,43.715085,-92.57812,-6,1,43.715085
56140,Ihlen,MN,43.907841,-96.36802,-6,1,43.907841
56523,Climax,MN,47.651391,-96.80408,-6,1,47.651391
56185,Wilmont,MN,43.783453,-95.82563,-6,1,43.783453
56434,Aldrich,MN,46.376819,-94.93781,-6,1,46.376819
56460,Itasca,MN,47.239049,-95.265379,-6,1,47.239049
55116,Saint Paul,MN,44.913815,-93.17459,-6,1,44.913815
55933,Elkton,MN,43.65099,-92.70596,-6,1,43.65099
56333,Gilman,MN,45.691714,-94.05629,-6,1,45.691714
55378,Savage,MN,44.761796,-93.3722,-6,1,44.761796
55941,Hokah,MN,43.756567,-91.36126,-6,1,43.756567
56754,Saint Hilaire,MN,48.011365,-96.20491,-6,1,48.011365
56721,East Grand Forks,MN,47.956458,-96.98774,-6,1,47.956458
56395,Saint Cloud,MN,45.52886,-94.593338,-6,1,45.52886
56736,Mentor,MN,47.702366,-96.1539,-6,1,47.702366
56396,Saint Cloud,MN,45.52886,-94.593338,-6,1,45.52886
55336,Glencoe,MN,44.773886,-94.17294,-6,1,44.773886
55079,Stacy,MN,45.403157,-93.02829,-6,1,45.403157
56711,Angle Inlet,MN,49.342144,-95.03571,-6,1,49.342144
56583,Tintah,MN,46.014161,-96.40019,-6,1,46.014161
56074,Nicollet,MN,44.331757,-94.19561,-6,1,44.331757
56126,Graham Lakes,MN,43.820313,-95.523182,-6,1,43.820313
56621,Bagley,MN,47.436583,-95.41337,-6,1,47.436583
55347,Eden Prairie,MN,44.831413,-93.46031,-6,1,44.831413
56483,Wadena,MN,46.439079,-95.137497,-6,1,46.439079
56030,Essig,MN,44.325833,-94.605226,-6,1,44.325833
56644,Gonvick,MN,47.755904,-95.5078,-6,1,47.755904
55778,Clark,MN,46.626514,-93.133317,-6,1,46.626514
55325,Dassel,MN,45.091115,-94.31758,-6,1,45.091115
55330,Elk River,MN,45.317152,-93.58117,-6,1,45.317152
55427,Minneapolis,MN,45.006764,-93.38223,-6,1,45.006764
55003,Bayport,MN,45.017767,-92.78039,-6,1,45.017767
55565,Monticello,MN,45.200875,-93.888099,-6,1,45.200875
56175,Tracy,MN,44.260625,-95.62371,-6,1,44.260625
56535,Erskine,MN,47.666426,-96.03701,-6,1,47.666426
56744,Oslo,MN,48.233942,-97.11882,-6,1,48.233942
55952,Lewiston,MN,43.959148,-91.84932,-6,1,43.959148
56060,Lewisville,MN,43.930032,-94.43935,-6,1,43.930032
55734,Eveleth,MN,47.4211,-92.51331,-6,1,47.4211
55710,Britt,MN,47.655096,-92.66189,-6,1,47.655096
56323,Cyrus,MN,45.63381,-95.72642,-6,1,45.63381
55448,Minneapolis,MN,45.186232,-93.29635,-6,1,45.186232
55973,Sargeant,MN,43.797677,-92.7799,-6,1,43.797677
56045,Hollandale,MN,43.762109,-93.18959,-6,1,43.762109
55052,Morristown,MN,44.232811,-93.43992,-6,1,44.232811
55309,Big Lake,MN,45.358004,-93.74294,-6,1,45.358004
55944,Kasson,MN,44.035512,-92.75013,-6,1,44.035512
55979,Utica,MN,43.93422,-91.95325,-6,1,43.93422
56146,Kanaranzi,MN,43.674883,-96.252794,-6,1,43.674883
56314,Bowlus,MN,45.814436,-94.42539,-6,1,45.814436
56590,Wendell,MN,46.033624,-96.13988,-6,1,46.033624
55032,Harris,MN,45.586488,-93.01179,-6,1,45.586488
55757,Kettle River,MN,46.512349,-92.92803,-6,1,46.512349
56228,Cosmos,MN,44.933861,-94.67563,-6,1,44.933861
56137,Heron Lake,MN,43.826163,-95.34591,-6,1,43.826163
56069,Montgomery,MN,44.429956,-93.56982,-6,1,44.429956
55402,Minneapolis,MN,44.975565,-93.27053,-6,1,44.975565
55020,Elko,MN,44.571365,-93.36011,-6,1,44.571365
55421,Minneapolis,MN,45.050434,-93.25007,-6,1,45.050434
55920,Byron,MN,44.024835,-92.6388,-6,1,44.024835
55401,Minneapolis,MN,44.984615,-93.27137,-6,1,44.984615
56758,Strandquist,MN,48.472648,-96.5018,-6,1,48.472648
55030,Grasston,MN,45.842603,-93.11924,-6,1,45.842603
56466,Motley,MN,46.362398,-94.63849,-6,1,46.362398
56661,Northome,MN,47.821937,-94.18727,-6,1,47.821937
55106,Saint Paul,MN,44.967565,-93.05001,-6,1,44.967565
55343,Hopkins,MN,44.921599,-93.40857,-6,1,44.921599
56321,Collegeville,MN,45.578278,-94.419941,-6,1,45.578278
56296,Wheaton,MN,45.823795,-96.47706,-6,1,45.823795
56470,Park Rapids,MN,46.974221,-95.06581,-6,1,46.974221
56016,Clarks Grove,MN,43.764506,-93.33357,-6,1,43.764506
56461,Laporte,MN,47.260013,-94.84475,-6,1,47.260013
56510,Ada,MN,47.322444,-96.51915,-6,1,47.322444
56508,Lake Eunice,MN,46.732051,-95.997757,-6,1,46.732051
56601,Bemidji,MN,47.504496,-94.87105,-6,1,47.504496
56226,Clontarf,MN,45.409218,-95.69334,-6,1,45.409218
56567,New York Mills,MN,46.534993,-95.38106,-6,1,46.534993
55719,Chisholm,MN,47.509833,-92.87637,-6,1,47.509833
55374,Rogers,MN,45.197646,-93.57104,-6,1,45.197646
56678,Solway,MN,47.508863,-95.11397,-6,1,47.508863
55589,Monticello,MN,45.200875,-93.888099,-6,1,45.200875
56738,Newfolden,MN,48.348745,-96.32534,-6,1,48.348745
55377,Santiago,MN,45.540181,-93.815434,-6,1,45.540181
55784,Swan River,MN,47.061875,-93.20456,-6,1,47.061875
55572,Maple Plain,MN,45.015914,-93.47188,-6,1,45.015914
56556,Mcintosh,MN,47.656231,-95.88214,-6,1,47.656231
56218,Boyd,MN,44.838823,-95.94042,-6,1,44.838823
56363,Pease,MN,45.697362,-93.646503,-6,1,45.697362
56257,Marietta,MN,44.986761,-96.40968,-6,1,44.986761
55959,Minnesota City,MN,44.093056,-91.74422,-6,1,44.093056
55550,Young America,MN,44.805487,-93.766524,-6,1,44.805487
55071,Saint Paul Park,MN,44.835366,-92.99254,-6,1,44.835366
55108,Saint Paul,MN,44.982515,-93.17489,-6,1,44.982515
56561,Moorhead,MN,46.890034,-96.506156,-6,1,46.890034
56135,Powers,MN,46.829136,-94.430518,-6,1,46.829136
56447,Emily,MN,46.735697,-93.94205,-6,1,46.735697
55301,Albertville,MN,45.237867,-93.66261,-6,1,45.237867
56315,Brandon,MN,45.968739,-95.5942,-6,1,45.968739
55580,Monticello,MN,45.200875,-93.888099,-6,1,45.200875
55329,Eden Valley,MN,45.321197,-94.56778,-6,1,45.321197
56110,Adrian,MN,43.626278,-95.93973,-6,1,43.626278
56761,Wannaska,MN,48.609478,-95.6602,-6,1,48.609478
55155,Saint Paul,MN,44.952165,-93.095518,-6,1,44.952165
55612,Lutsen,MN,47.757804,-90.63836,-6,1,47.757804
55790,Tower,MN,47.825059,-92.3247,-6,1,47.825059
56244,Hancock,MN,45.488399,-95.78157,-6,1,45.488399
56562,Moorhead,MN,46.890034,-96.506156,-6,1,46.890034
56236,Dumont,MN,45.664974,-96.39608,-6,1,45.664974
56328,Flensburg,MN,45.953535,-94.52834,-6,1,45.953535
56187,Worthington,MN,43.623255,-95.59604,-6,1,43.623255
56357,Oak Park,MN,45.699995,-93.80256,-6,1,45.699995
56725,Goodridge,MN,48.128712,-95.82013,-6,1,48.128712
56398,Saint Cloud,MN,45.52886,-94.593338,-6,1,45.52886
55395,Winsted,MN,44.960829,-94.05525,-6,1,44.960829
56245,Hanley Falls,MN,44.690608,-95.65028,-6,1,44.690608
56551,Henning,MN,46.31855,-95.45375,-6,1,46.31855
55598,Loretto,MN,45.015914,-93.47188,-6,1,45.015914
55428,Minneapolis,MN,45.059997,-93.37702,-6,1,45.059997
56035,Geneva,MN,43.819798,-93.26713,-6,1,43.819798
56579,Rothsay,MN,46.459359,-96.34149,-6,1,46.459359
56243,Grove City,MN,45.168724,-94.68641,-6,1,45.168724
55009,Cannon Falls,MN,44.493575,-92.89402,-6,1,44.493575
55380,Silver Creek,MN,45.315823,-93.979766,-6,1,45.315823
56033,Frost,MN,43.579548,-93.93826,-6,1,43.579548
55795,Willow River,MN,46.317812,-92.84315,-6,1,46.317812
56570,Osage,MN,46.895156,-95.36174,-6,1,46.895156
55092,Wyoming,MN,45.329115,-93.06834,-6,1,45.329115
55706,Babbitt,MN,47.688083,-91.91856,-6,1,47.688083
56464,Menahga,MN,46.770167,-95.09659,-6,1,46.770167
56557,Mahnomen,MN,47.330624,-95.87672,-6,1,47.330624
55772,Nett Lake,MN,48.081686,-93.083438,-6,1,48.081686
55345,Minnetonka,MN,44.915413,-93.48443,-6,1,44.915413
56441,Crosby,MN,46.528094,-93.98055,-6,1,46.528094
56639,Effie,MN,47.852874,-93.50758,-6,1,47.852874
55366,New Auburn,MN,44.673454,-94.229311,-6,1,44.673454
56545,Gary,MN,47.363986,-96.2396,-6,1,47.363986
55991,Zumbro Falls,MN,44.24431,-92.41336,-6,1,44.24431
55124,Saint Paul,MN,44.743963,-93.20624,-6,1,44.743963
55486,Minneapolis,MN,45.015914,-93.47188,-6,1,45.015914
55488,Minneapolis,MN,45.015914,-93.47188,-6,1,45.015914
56084,Searles,MN,44.302893,-94.738827,-6,1,44.302893
56729,Halma,MN,48.655487,-96.59592,-6,1,48.655487
55379,Shakopee,MN,44.776138,-93.52556,-6,1,44.776138
55303,Anoka,MN,45.247509,-93.418,-6,1,45.247509
55922,Canton,MN,43.569417,-91.90736,-6,1,43.569417
56167,Round Lake,MN,43.536338,-95.38554,-6,1,43.536338
55175,Saint Paul,MN,45.005902,-93.105869,-6,1,45.005902
55312,Brownton,MN,44.723259,-94.33922,-6,1,44.723259
56649,International Falls,MN,48.579947,-93.38142,-6,1,48.579947
56748,Plummer,MN,47.915369,-96.02739,-6,1,47.915369
56294,Wanda,MN,44.317104,-95.21378,-6,1,44.317104
55484,Minneapolis,MN,45.015914,-93.47188,-6,1,45.015914
56458,Lake George,MN,47.206754,-94.97109,-6,1,47.206754
56474,Pine River,MN,46.718997,-94.38716,-6,1,46.718997
56549,Hawley,MN,46.864977,-96.30781,-6,1,46.864977
56166,Revere,MN,44.2127,-95.3633,-6,1,44.2127
55146,Saint Paul,MN,44.942656,-93.082793,-6,1,44.942656
55190,Saint Paul,MN,45.005902,-93.105869,-6,1,45.005902
55182,Saint Paul,MN,45.005902,-93.105869,-6,1,45.005902
55189,Saint Paul,MN,45.005902,-93.105869,-6,1,45.005902
56673,Roosevelt,MN,48.730013,-95.09004,-6,1,48.730013
55011,Cedar,MN,45.335128,-93.27434,-6,1,45.335128
55564,Young America,MN,44.805487,-93.766524,-6,1,44.805487
56036,Glenville,MN,43.550747,-93.21987,-6,1,43.550747
56144,Jasper,MN,43.854184,-96.39022,-6,1,43.854184
56667,Puposky,MN,47.750406,-94.91254,-6,1,47.750406
56044,Henderson,MN,44.555899,-93.95354,-6,1,44.555899
56655,Longville,MN,46.975876,-94.21508,-6,1,46.975876
55420,Minneapolis,MN,44.837964,-93.27657,-6,1,44.837964
55919,Brownsville,MN,43.664102,-91.29057,-6,1,43.664102
55982,Waltham,MN,43.82009,-92.87749,-6,1,43.82009
55090,Willernie,MN,45.054666,-92.95703,-6,1,45.054666
56554,Lake Park,MN,46.861527,-96.10974,-6,1,46.861527
55599,Loretto,MN,45.015914,-93.47188,-6,1,45.015914
55812,Duluth,MN,46.809438,-92.07319,-6,1,46.809438
55339,Hamburg,MN,44.730662,-93.9577,-6,1,44.730662
55977,Taopi,MN,43.550714,-92.65902,-6,1,43.550714
55769,Nashwauk,MN,47.406731,-93.1645,-6,1,47.406731
56116,Beaver Creek,MN,43.621142,-96.3866,-6,1,43.621142
55187,Saint Paul,MN,45.005902,-93.105869,-6,1,45.005902
55354,Lester Prairie,MN,44.881515,-94.05846,-6,1,44.881515
55472,Minneapolis,MN,45.015914,-93.47188,-6,1,45.015914
55570,Maple Plain,MN,45.015914,-93.47188,-6,1,45.015914
55387,Waconia,MN,44.849912,-93.78514,-6,1,44.849912
55965,Preston,MN,43.646355,-92.12329,-6,1,43.646355
55978,West Albany,MN,44.301714,-92.178277,-6,1,44.301714
55406,Minneapolis,MN,44.938615,-93.22082,-6,1,44.938615
55025,Forest Lake,MN,45.272117,-92.9911,-6,1,45.272117
56728,Hallock,MN,48.787016,-96.95434,-6,1,48.787016
55084,Taylors Falls,MN,45.424065,-92.68321,-6,1,45.424065
56734,Lake Bronson,MN,48.732852,-96.63392,-6,1,48.732852
55047,Marine On Saint Croix,MN,45.195606,-92.81649,-6,1,45.195606
55367,New Germany,MN,44.886776,-93.97154,-6,1,44.886776
56295,Watson,MN,45.024344,-95.82794,-6,1,45.024344
56160,Odin,MN,43.847252,-94.77124,-6,1,43.847252
56432,Acton,MN,45.910946,-94.633724,-6,1,45.910946
56437,Bertha,MN,46.252854,-95.06222,-6,1,46.252854
56469,Palisade,MN,46.702947,-93.5203,-6,1,46.702947
55360,Mayer,MN,44.909362,-93.89981,-6,1,44.909362
56301,Saint Cloud,MN,45.526066,-94.20649,-6,1,45.526066
56630,Blackduck,MN,47.722624,-94.5319,-6,1,47.722624
55433,Minneapolis,MN,45.163848,-93.3195,-6,1,45.163848
55927,Dodge Center,MN,44.026272,-92.86903,-6,1,44.026272
56157,Lynd,MN,44.396043,-95.92771,-6,1,44.396043
55584,Monticello,MN,45.200875,-93.888099,-6,1,45.200875
56002,Mankato,MN,44.056047,-94.069828,-6,1,44.056047
56139,Holland,MN,44.092188,-96.18168,-6,1,44.092188
55439,Minneapolis,MN,44.875997,-93.37021,-6,1,44.875997
56560,Moorhead,MN,46.861413,-96.75367,-6,1,46.861413
55399,Young America,MN,44.805487,-93.766524,-6,1,44.805487
56068,Minnesota Lake,MN,43.848573,-93.81718,-6,1,43.848573
56449,Fort Ripley,MN,46.166054,-94.29254,-6,1,46.166054
56735,Lancaster,MN,48.892011,-96.68027,-6,1,48.892011
55342,Hector,MN,44.74323,-94.72447,-6,1,44.74323
56170,Ruthton,MN,44.17521,-96.07363,-6,1,44.17521
55792,Virginia,MN,47.527383,-92.53371,-6,1,47.527383
56048,Janesville,MN,44.102188,-93.71255,-6,1,44.102188
56125,Dovray,MN,44.053323,-95.549899,-6,1,44.053323
56098,Winnebago,MN,43.764936,-94.18016,-6,1,43.764936
56552,Hitterdal,MN,46.988379,-96.23607,-6,1,46.988379
56121,Ceylon,MN,43.535662,-94.62877,-6,1,43.535662
56359,Onamia,MN,46.073505,-93.66983,-6,1,46.073505
55811,Duluth,MN,46.821489,-92.18242,-6,1,46.821489
56214,Belview,MN,44.59231,-95.33465,-6,1,44.59231
55076,Inver Grove Heights,MN,44.844833,-93.03528,-6,1,44.844833
55126,Saint Paul,MN,45.085643,-93.1353,-6,1,45.085643
56433,Akeley,MN,46.977161,-94.70512,-6,1,46.977161
56450,Garrison,MN,46.244818,-93.8155,-6,1,46.244818
56727,Grygla,MN,48.32162,-95.47515,-6,1,48.32162
55060,Owatonna,MN,44.07393,-93.22716,-6,1,44.07393
56207,Alberta,MN,45.532754,-96.06453,-6,1,45.532754
56626,Bena,MN,47.340327,-94.245,-6,1,47.340327
56448,Fifty Lakes,MN,46.747211,-94.07246,-6,1,46.747211
56662,Outing,MN,46.850438,-93.94081,-6,1,46.850438
56145,Jeffers,MN,44.057605,-95.18517,-6,1,44.057605
55987,Winona,MN,44.033867,-91.65106,-6,1,44.033867
55990,Wykoff,MN,43.714071,-92.26493,-6,1,43.714071
56367,Rice,MN,45.745266,-94.18176,-6,1,45.745266
56455,Ironton,MN,46.483523,-93.99978,-6,1,46.483523
55604,Grand Marais,MN,47.939037,-90.54659,-6,1,47.939037
55753,Keewatin,MN,47.39654,-93.07651,-6,1,47.39654
55110,Saint Paul,MN,45.081266,-93.01146,-6,1,45.081266
55013,Chisago City,MN,45.365164,-92.88864,-6,1,45.365164
55981,Wabasha,MN,44.374261,-92.04204,-6,1,44.374261
56051,Kiester,MN,43.535709,-93.71308,-6,1,43.535709
56117,Bigelow,MN,43.513198,-95.69138,-6,1,43.513198
56592,Winger,MN,47.530842,-96.00853,-6,1,47.530842
56572,Pelican Rapids,MN,46.608461,-96.0663,-6,1,46.608461
55950,Lansing,MN,43.743278,-92.96929,-6,1,43.743278
55579,Maple Plain,MN,45.015914,-93.47188,-6,1,45.015914
55077,Inver Grove Heights,MN,44.825391,-93.06893,-6,1,44.825391
55161,Saint Paul,MN,45.005902,-93.105869,-6,1,45.005902
55356,Long Lake,MN,44.985463,-93.58388,-6,1,44.985463
55390,Waverly,MN,45.066811,-93.97836,-6,1,45.066811
55918,Brownsdale,MN,43.743087,-92.86434,-6,1,43.743087
55118,Saint Paul,MN,44.903165,-93.10026,-6,1,44.903165
55747,Hibbing,MN,47.640367,-92.442797,-6,1,47.640367
55791,Twig,MN,47.640367,-92.442797,-6,1,47.640367
55554,Norwood,MN,44.805487,-93.766524,-6,1,44.805487
55024,Farmington,MN,44.649263,-93.15222,-6,1,44.649263
56714,Badger,MN,48.795471,-96.01816,-6,1,48.795471
55577,Maple Plain,MN,45.015914,-93.47188,-6,1,45.015914
55319,Clear Lake,MN,45.470068,-93.92956,-6,1,45.470068
55574,Maple Plain,MN,45.015914,-93.47188,-6,1,45.015914
56378,Sauk Centre,MN,45.729898,-94.97236,-6,1,45.729898
56654,Loman,MN,48.527572,-93.83554,-6,1,48.527572
56096,Waterville,MN,44.234274,-93.5884,-6,1,44.234274
56531,Elbow Lake,MN,45.990556,-95.96704,-6,1,45.990556
55393,Maple Plain,MN,45.200875,-93.888099,-6,1,45.200875
56336,Grey Eagle,MN,45.819474,-94.76247,-6,1,45.819474
56220,Canby,MN,44.725437,-96.2921,-6,1,44.725437
55042,Lake Elmo,MN,44.999023,-92.90939,-6,1,44.999023
55552,Young America,MN,44.805487,-93.766524,-6,1,44.805487
55925,Dakota,MN,43.910929,-91.39015,-6,1,43.910929
55949,Lanesboro,MN,43.70844,-91.95965,-6,1,43.70844
56057,Le Center,MN,44.393899,-93.72583,-6,1,44.393899
56241,Granite Falls,MN,44.794723,-95.56737,-6,1,44.794723
56101,Windom,MN,43.870469,-95.13275,-6,1,43.870469
56024,Eagle Lake,MN,44.153696,-93.86918,-6,1,44.153696
56540,Fertile,MN,47.557644,-96.26954,-6,1,47.557644
55165,Saint Paul,MN,45.005902,-93.105869,-6,1,45.005902
56291,Taunton,MN,44.598116,-96.06801,-6,1,44.598116
56168,Rushmore,MN,43.608503,-95.80946,-6,1,43.608503
55483,Minneapolis,MN,45.015914,-93.47188,-6,1,45.015914
56440,Clarissa,MN,46.129933,-94.95278,-6,1,46.129933
55970,Rose Creek,MN,43.599507,-92.83756,-6,1,43.599507
56037,Good Thunder,MN,44.017609,-94.05231,-6,1,44.017609
56149,Lake Benton,MN,44.268332,-96.30822,-6,1,44.268332
56230,Danube,MN,44.79129,-95.09671,-6,1,44.79129
55033,Hastings,MN,44.726517,-92.86147,-6,1,44.726517
55056,North Branch,MN,45.509818,-92.97816,-6,1,45.509818
55104,Saint Paul,MN,44.953665,-93.15922,-6,1,44.953665
55733,Esko,MN,46.708371,-92.36434,-6,1,46.708371
55566,Young America,MN,44.805487,-93.766524,-6,1,44.805487
56138,Hills,MN,43.529153,-96.36669,-6,1,43.529153
55974,Spring Grove,MN,43.57279,-91.65004,-6,1,43.57279
56201,Willmar,MN,45.118846,-95.04504,-6,1,45.118846
55109,Saint Paul,MN,45.010632,-93.01845,-6,1,45.010632
56671,Redlake,MN,47.871135,-95.14362,-6,1,47.871135
55705,Aurora,MN,47.45225,-92.24109,-6,1,47.45225
56361,Parkers Prairie,MN,46.156758,-95.33754,-6,1,46.156758
56513,Baker,MN,46.723274,-96.54727,-6,1,46.723274
55073,Scandia,MN,45.275771,-92.83001,-6,1,45.275771
56025,Easton,MN,43.764111,-93.90534,-6,1,43.764111
55335,Gibbon,MN,44.527707,-94.53092,-6,1,44.527707
55414,Minneapolis,MN,44.980379,-93.23003,-6,1,44.980379
55798,Wright,MN,46.723028,-92.96594,-6,1,46.723028
56136,Hendricks,MN,44.512114,-96.41157,-6,1,44.512114
55384,Spring Park,MN,44.936423,-93.62868,-6,1,44.936423
55429,Minneapolis,MN,45.064714,-93.34155,-6,1,45.064714
55021,Faribault,MN,44.29478,-93.28732,-6,1,44.29478
55340,Hamel,MN,45.07343,-93.56455,-6,1,45.07343
55775,Pengilly,MN,47.30797,-93.20693,-6,1,47.30797
56155,Lismore,MN,43.763442,-95.94459,-6,1,43.763442
56225,Clinton,MN,45.459383,-96.44694,-6,1,45.459383
55019,Dundas,MN,44.415567,-93.23269,-6,1,44.415567
56265,Montevideo,MN,44.985313,-95.7066,-6,1,44.985313
55413,Minneapolis,MN,44.997665,-93.24927,-6,1,44.997665
55365,Monticello,MN,45.200875,-93.888099,-6,1,45.200875
56482,Wadena,MN,46.447659,-95.14289,-6,1,46.447659
56593,Wolf Lake,MN,46.821648,-95.391968,-6,1,46.821648
56313,Bock,MN,45.785883,-93.55343,-6,1,45.785883
56521,Callaway,MN,47.015728,-95.87008,-6,1,47.015728
56371,Roscoe,MN,45.432316,-94.63552,-6,1,45.432316
55764,Marble,MN,47.319362,-93.30077,-6,1,47.319362
56054,Lafayette,MN,44.431776,-94.37742,-6,1,44.431776
56759,Strathcona,MN,48.565391,-96.07014,-6,1,48.565391
55177,Saint Paul,MN,45.005902,-93.105869,-6,1,45.005902
55357,Loretto,MN,45.088013,-93.65053,-6,1,45.088013
55363,Montrose,MN,45.046143,-93.92085,-6,1,45.046143
55364,Mound,MN,44.933712,-93.66038,-6,1,44.933712
55929,Dover,MN,43.975269,-92.14213,-6,1,43.975269
56255,Lucan,MN,44.397402,-95.42013,-6,1,44.397402
56310,Avon,MN,45.624705,-94.44973,-6,1,45.624705
56641,Federal Dam,MN,47.243893,-94.23203,-6,1,47.243893
55375,Saint Bonifacius,MN,44.906512,-93.7439,-6,1,44.906512
55434,Minneapolis,MN,45.164248,-93.2531,-6,1,45.164248
55569,Osseo,MN,45.015914,-93.47188,-6,1,45.015914
56331,Freeport,MN,45.67539,-94.67303,-6,1,45.67539
56058,Le Sueur,MN,44.449976,-93.90513,-6,1,44.449976
55333,Franklin,MN,44.541889,-94.8735,-6,1,44.541889
55437,Minneapolis,MN,44.822764,-93.34422,-6,1,44.822764
55322,Cologne,MN,44.768762,-93.77839,-6,1,44.768762
56438,Browerville,MN,46.149276,-94.83088,-6,1,46.149276
55708,Biwabik,MN,47.533314,-92.34084,-6,1,47.533314
56258,Marshall,MN,44.446885,-95.77281,-6,1,44.446885
55744,Grand Rapids,MN,47.243062,-93.52599,-6,1,47.243062
55815,Duluth,MN,47.640367,-92.442797,-6,1,47.640367
55066,Red Wing,MN,44.539036,-92.53637,-6,1,44.539036
55067,Rock Creek,MN,46.074687,-92.718004,-6,1,46.074687
55386,Victoria,MN,44.858595,-93.66341,-6,1,44.858595
56435,Backus,MN,46.823666,-94.50471,-6,1,46.823666
55780,Sawyer,MN,46.670691,-92.69235,-6,1,46.670691
55971,Rushford,MN,43.80784,-91.75117,-6,1,43.80784
56013,Blue Earth,MN,43.630763,-94.10129,-6,1,43.630763
56591,White Earth,MN,46.933961,-95.678375,-6,1,46.933961
56379,Sauk Rapids,MN,45.608178,-94.13838,-6,1,45.608178
56180,Walnut Grove,MN,44.249331,-95.46821,-6,1,44.249331
56248,Herman,MN,45.800145,-96.13895,-6,1,45.800145
56520,Breckenridge,MN,46.27324,-96.54888,-6,1,46.27324
55057,Northfield,MN,44.459969,-93.16623,-6,1,44.459969
56032,Freeborn,MN,43.766208,-93.56339,-6,1,43.766208
56311,Barrett,MN,45.902998,-95.88297,-6,1,45.902998
56253,Lake Lillian,MN,44.959237,-94.88831,-6,1,44.959237
55581,Monticello,MN,45.200875,-93.888099,-6,1,45.200875
55951,Le Roy,MN,43.525845,-92.51616,-6,1,43.525845
55068,Rosemount,MN,44.732105,-93.13437,-6,1,44.732105
55561,Monticello,MN,44.805487,-93.766524,-6,1,44.805487
56072,New Richland,MN,43.899778,-93.53178,-6,1,43.899778
56502,Detroit Lakes,MN,46.933961,-95.678375,-6,1,46.933961
56524,Clitherall,MN,46.235125,-95.61543,-6,1,46.235125
56401,Brainerd,MN,46.352758,-94.16289,-6,1,46.352758
55344,Eden Prairie,MN,44.867013,-93.42557,-6,1,44.867013
56755,Saint Vincent,MN,48.954448,-97.13949,-6,1,48.954448
56303,Saint Cloud,MN,45.568516,-94.19251,-6,1,45.568516
56341,Holmes City,MN,45.830998,-95.541618,-6,1,45.830998
55563,Monticello,MN,44.805487,-93.766524,-6,1,44.805487
56080,Saint Clair,MN,44.080713,-93.85663,-6,1,44.080713
55906,Rochester,MN,44.064733,-92.44427,-6,1,44.064733
56231,Danvers,MN,45.27133,-95.7711,-6,1,45.27133
55416,Minneapolis,MN,44.946664,-93.34215,-6,1,44.946664
56326,Evansville,MN,46.011931,-95.68104,-6,1,46.011931
55425,Minneapolis,MN,44.846765,-93.2449,-6,1,44.846765
55756,Kerrick,MN,46.374991,-92.59795,-6,1,46.374991
56134,Hardwick,MN,43.783098,-96.22202,-6,1,43.783098
56152,Lamberton,MN,44.227021,-95.28014,-6,1,44.227021
56347,Long Prairie,MN,45.973572,-94.8582,-6,1,45.973572
56456,Jenkins,MN,46.650706,-94.33651,-6,1,46.650706
55391,Wayzata,MN,44.963063,-93.52912,-6,1,44.963063
55440,Minneapolis,MN,45.015914,-93.47188,-6,1,45.015914
55717,Canyon,MN,47.058166,-92.46078,-6,1,47.058166
55320,Clearwater,MN,45.387625,-94.0599,-6,1,45.387625
55188,Saint Paul,MN,45.005902,-93.105869,-6,1,45.005902
56687,Wilton,MN,47.501402,-94.99344,-6,1,47.501402
56459,Lake Hubert,MN,46.498749,-94.251926,-6,1,46.498749
56001,Mankato,MN,44.15644,-93.99388,-6,1,44.15644
55783,Sturgeon Lake,MN,46.379971,-92.82748,-6,1,46.379971
56252,Kerkhoven,MN,45.18553,-95.30198,-6,1,45.18553
56216,Blomkest,MN,44.945988,-95.05923,-6,1,44.945988
56286,St. Leo,MN,44.716494,-96.054791,-6,1,44.716494
56581,Shelly,MN,47.457626,-96.78723,-6,1,47.457626
55726,Cromwell,MN,46.667284,-92.87081,-6,1,46.667284
56472,Pequot Lakes,MN,46.602684,-94.29986,-6,1,46.602684
56235,Donnelly,MN,45.697239,-96.01767,-6,1,45.697239
55017,Dalbo,MN,45.677366,-93.42013,-6,1,45.677366
56340,Holdingford,MN,45.749908,-94.45647,-6,1,45.749908
56525,Comstock,MN,46.659932,-96.74693,-6,1,46.659932
56293,Wabasso,MN,44.403815,-95.25784,-6,1,44.403815
55707,Barnum,MN,46.533977,-92.62697,-6,1,46.533977
55917,Blooming Prairie,MN,43.88481,-93.07546,-6,1,43.88481
56307,Albany,MN,45.632455,-94.58257,-6,1,45.632455
55480,Minneapolis,MN,45.015914,-93.47188,-6,1,45.015914
56076,Oakland,MN,43.671266,-93.11918,-6,1,43.671266
55702,Alborn,MN,46.956644,-92.63972,-6,1,46.956644
55771,Orr,MN,48.098627,-92.80495,-6,1,48.098627
55701,Adolph,MN,47.640367,-92.442797,-6,1,47.640367
55594,Young America,MN,44.805487,-93.766524,-6,1,44.805487
55758,Kinney,MN,47.511214,-92.74026,-6,1,47.511214
55781,Side Lake,MN,47.672765,-93.05481,-6,1,47.672765
56578,Rochert,MN,46.920986,-95.66842,-6,1,46.920986
56763,Warroad,MN,48.890886,-95.33831,-6,1,48.890886
56289,Sunburg,MN,45.344013,-95.22335,-6,1,45.344013
55556,Young America,MN,44.805487,-93.766524,-6,1,44.805487
55940,Hayfield,MN,43.885028,-92.80894,-6,1,43.885028
55713,Buhl,MN,47.49307,-92.77783,-6,1,47.49307
55455,Minneapolis,MN,44.971965,-93.23588,-6,1,44.971965
55901,Rochester,MN,44.048931,-92.49459,-6,1,44.048931
55150,Mendota,MN,44.884265,-93.16415,-6,1,44.884265
56514,Barnesville,MN,46.653912,-96.42891,-6,1,46.653912
55614,Silver Bay,MN,47.314743,-91.25765,-6,1,47.314743
56399,Saint Cloud,MN,45.52886,-94.593338,-6,1,45.52886
56740,Noyes,MN,48.771938,-96.812921,-6,1,48.771938
55353,Kimball,MN,45.328802,-94.32528,-6,1,45.328802
55313,Buffalo,MN,45.175558,-93.85441,-6,1,45.175558
56737,Middle River,MN,48.436061,-96.06973,-6,1,48.436061
56302,Saint Cloud,MN,45.49343,-94.643922,-6,1,45.49343
56355,Nelson,MN,45.92084,-95.23965,-6,1,45.92084
55746,Hibbing,MN,47.413817,-92.94228,-6,1,47.413817
55417,Minneapolis,MN,44.905365,-93.23662,-6,1,44.905365
56548,Halstad,MN,47.36461,-96.78265,-6,1,47.36461
56312,Belgrade,MN,45.460931,-94.96697,-6,1,45.460931
56115,Balaton,MN,44.227802,-95.9021,-6,1,44.227802
56580,Sabin,MN,46.754039,-96.63715,-6,1,46.754039
55805,Duluth,MN,46.798339,-92.09568,-6,1,46.798339
55348,Maple Plain,MN,44.848263,-93.398727,-6,1,44.848263
56020,Conger,MN,43.613686,-93.53072,-6,1,43.613686
56329,Foley,MN,45.695411,-93.90417,-6,1,45.695411
55349,Howard Lake,MN,45.064272,-94.07175,-6,1,45.064272
55745,Grand Rapids,MN,47.087782,-93.921429,-6,1,47.087782
55051,Mora,MN,45.897003,-93.29452,-6,1,45.897003
55909,Adams,MN,43.564175,-92.72645,-6,1,43.564175
56647,Hines,MN,47.666705,-94.61868,-6,1,47.666705
56425,Baxter,MN,46.347175,-94.27017,-6,1,46.347175
55787,Tamarack,MN,46.679313,-93.13241,-6,1,46.679313
55802,Duluth,MN,46.774593,-92.09206,-6,1,46.774593
55961,Ostrander,MN,43.6122,-92.46452,-6,1,43.6122
55370,Plato,MN,44.787651,-94.04714,-6,1,44.787651
55346,Eden Prairie,MN,44.880435,-93.4869,-6,1,44.880435
55903,Rochester,MN,43.996613,-92.540929,-6,1,43.996613
55703,Angora,MN,47.764569,-92.76689,-6,1,47.764569
56256,Madison,MN,45.036047,-96.19573,-6,1,45.036047
55016,Cottage Grove,MN,44.830966,-92.93739,-6,1,44.830966
56119,Brewster,MN,43.702735,-95.46946,-6,1,43.702735
56173,Steen,MN,43.521947,-96.24301,-6,1,43.521947
56349,Lowry,MN,45.728732,-95.52504,-6,1,45.728732
55709,Bovey,MN,47.372262,-93.38998,-6,1,47.372262
56120,Butterfield,MN,43.957826,-94.79571,-6,1,43.957826
56344,Lastrup,MN,46.061307,-94.208731,-6,1,46.061307
55046,Lonsdale,MN,44.464394,-93.42243,-6,1,44.464394
55382,South Haven,MN,45.299358,-94.19821,-6,1,45.299358
56210,Barry,MN,45.559291,-96.558886,-6,1,45.559291
55010,Castle Rock,MN,44.544465,-93.15353,-6,1,44.544465
56229,Cottonwood,MN,44.609098,-95.70555,-6,1,44.609098
56352,Melrose,MN,45.659491,-94.81417,-6,1,45.659491
56071,New Prague,MN,44.546463,-93.57848,-6,1,44.546463
55742,Goodland,MN,47.169979,-93.13179,-6,1,47.169979
56519,Borup,MN,47.158015,-96.51487,-6,1,47.158015
56660,Mizpah,MN,47.954759,-94.20965,-6,1,47.954759
55049,Medford,MN,44.172277,-93.23924,-6,1,44.172277
55442,Minneapolis,MN,45.046701,-93.42892,-6,1,45.046701
56356,New Munich,MN,45.628804,-94.75466,-6,1,45.628804
56093,Waseca,MN,44.067673,-93.5103,-6,1,44.067673
56362,Paynesville,MN,45.389395,-94.70519,-6,1,45.389395
55323,Crystal Bay,MN,45.015914,-93.47188,-6,1,45.015914
55586,Monticello,MN,45.200875,-93.888099,-6,1,45.200875
56756,Salol,MN,48.869494,-95.51436,-6,1,48.869494
56317,Buckman,MN,46.061307,-94.208731,-6,1,46.061307
56670,Redby,MN,47.854118,-94.93168,-6,1,47.854118
55934,Eyota,MN,44.006609,-92.24856,-6,1,44.006609
55315,Carver,MN,44.736595,-93.65619,-6,1,44.736595
56342,Isle,MN,46.212757,-93.45729,-6,1,46.212757
56633,Cass Lake,MN,47.373207,-94.58834,-6,1,47.373207
55002,Almelund,MN,45.513447,-92.894239,-6,1,45.513447
55072,Sandstone,MN,46.131798,-92.71377,-6,1,46.131798
55766,Melrude,MN,47.249626,-92.412343,-6,1,47.249626
55362,Monticello,MN,45.301337,-93.80774,-6,1,45.301337
56324,Dalton,MN,46.169964,-95.90465,-6,1,46.169964
56636,Deer River,MN,47.382872,-93.84832,-6,1,47.382872
56222,Clara City,MN,44.974538,-95.36594,-6,1,44.974538
56266,Morgan,MN,44.417533,-94.91902,-6,1,44.417533
56443,Cushing,MN,46.194584,-94.6196,-6,1,46.194584
55967,Racine,MN,43.786802,-92.50425,-6,1,43.786802
55450,Minneapolis,MN,44.882365,-93.20847,-6,1,44.882365
56153,Leota,MN,43.834517,-96.0186,-6,1,43.834517
55102,Saint Paul,MN,44.935315,-93.12049,-6,1,44.935315
55793,Warba,MN,47.116453,-93.26881,-6,1,47.116453
56081,Saint James,MN,43.986563,-94.63345,-6,1,43.986563
56263,Milroy,MN,44.417337,-95.54999,-6,1,44.417337
56501,Detroit Lakes,MN,46.809965,-95.8518,-6,1,46.809965
55122,Saint Paul,MN,44.804548,-93.19871,-6,1,44.804548
56283,Redwood Falls,MN,44.540923,-95.12732,-6,1,44.540923
56544,Frazee,MN,46.742349,-95.62935,-6,1,46.742349
55361,Minnetonka Beach,MN,44.940212,-93.592735,-6,1,44.940212
56534,Erhard,MN,46.470638,-96.01013,-6,1,46.470638
56430,Ah Gwah Ching,MN,46.862332,-94.641872,-6,1,46.862332
56588,Vining,MN,46.246571,-95.5305,-6,1,46.246571
55085,Vermillion,MN,44.674317,-92.96823,-6,1,44.674317
56123,Currie,MN,44.084381,-95.59321,-6,1,44.084381
56374,Saint Joseph,MN,45.582653,-94.32974,-6,1,45.582653
55487,Minneapolis,MN,45.015914,-93.47188,-6,1,45.015914
55350,Hutchinson,MN,44.896255,-94.38604,-6,1,44.896255
56577,Richwood,MN,46.933961,-95.678375,-6,1,46.933961
56064,Manchester,MN,43.723693,-93.45161,-6,1,43.723693
56274,Norcross,MN,45.897971,-96.24441,-6,1,45.897971
55926,Dexter,MN,43.731945,-92.70852,-6,1,43.731945
55127,Saint Paul,MN,45.076708,-93.0828,-6,1,45.076708
55558,Young America,MN,44.805487,-93.766524,-6,1,44.805487
56553,Kent,MN,46.434718,-96.62429,-6,1,46.434718
56646,Gully,MN,47.771933,-95.64403,-6,1,47.771933
55404,Minneapolis,MN,44.963365,-93.26179,-6,1,44.963365
56141,Iona,MN,43.884657,-95.77444,-6,1,43.884657
56028,Elysian,MN,44.207288,-93.68716,-6,1,44.207288
56516,Bejou,MN,47.4514,-95.98766,-6,1,47.4514
55449,Minneapolis,MN,45.168287,-93.20001,-6,1,45.168287
55568,Young America,MN,44.805487,-93.766524,-6,1,44.805487
56158,Magnolia,MN,43.642511,-96.06011,-6,1,43.642511
55473,Minneapolis,MN,44.805487,-93.766524,-6,1,44.805487
56280,Porter,MN,44.633159,-96.16532,-6,1,44.633159
56393,Saint Cloud,MN,45.52886,-94.593338,-6,1,45.52886
56569,Ogema,MN,47.093608,-95.84166,-6,1,47.093608
56731,Humboldt,MN,48.909857,-97.09566,-6,1,48.909857
55321,Cokato,MN,45.085142,-94.18748,-6,1,45.085142
55765,Meadowlands,MN,47.086392,-92.75843,-6,1,47.086392
55371,Princeton,MN,45.576431,-93.57644,-6,1,45.576431
55810,Duluth,MN,46.753414,-92.24355,-6,1,46.753414
56666,Ponemah,MN,48.018746,-94.87594,-6,1,48.018746
56685,Waskish,MN,48.153759,-94.51934,-6,1,48.153759
56537,Fergus Falls,MN,46.282084,-96.06798,-6,1,46.282084
56542,Fosston,MN,47.571567,-95.73784,-6,1,47.571567
56221,Chokio,MN,45.556847,-96.1897,-6,1,45.556847
56273,New London,MN,45.327429,-94.99921,-6,1,45.327429
56653,Littlefork,MN,48.366833,-93.56367,-6,1,48.366833
56042,Hartland,MN,43.796535,-93.49143,-6,1,43.796535
55553,Young America,MN,44.805487,-93.766524,-6,1,44.805487
56181,Welcome,MN,43.672105,-94.61716,-6,1,43.672105
55314,Buffalo Lake,MN,44.751001,-94.60782,-6,1,44.751001
56007,Albert Lea,MN,43.652042,-93.36916,-6,1,43.652042
55904,Rochester,MN,43.988708,-92.42937,-6,1,43.988708
56297,Wood Lake,MN,44.6367,-95.55359,-6,1,44.6367
55443,Minneapolis,MN,45.108581,-93.33988,-6,1,45.108581
56246,Hawick,MN,45.34373,-94.83013,-6,1,45.34373
55117,Saint Paul,MN,44.989065,-93.10666,-6,1,44.989065
56130,Florence,MN,44.238659,-96.052227,-6,1,44.238659
55008,Cambridge,MN,45.566735,-93.24381,-6,1,45.566735
56161,Okabena,MN,43.724852,-95.32545,-6,1,43.724852
55001,Afton,MN,44.903133,-92.81904,-6,1,44.903133
55123,Saint Paul,MN,44.804048,-93.13378,-6,1,44.804048
55796,Winton,MN,47.930468,-91.79943,-6,1,47.930468
56546,Georgetown,MN,47.10033,-96.74309,-6,1,47.10033
56726,Greenbush,MN,48.698749,-96.20637,-6,1,48.698749
56031,Fairmont,MN,43.646916,-94.45856,-6,1,43.646916
56034,Garden City,MN,44.029058,-94.18186,-6,1,44.029058
56043,Hayward,MN,43.65048,-93.224,-6,1,43.65048
56682,Swift,MN,48.769244,-95.747559,-6,1,48.769244
55418,Minneapolis,MN,45.019315,-93.24304,-6,1,45.019315
55170,Saint Paul,MN,45.005902,-93.105869,-6,1,45.005902
55383,Norwood,MN,44.805487,-93.766524,-6,1,44.805487
55410,Minneapolis,MN,44.911564,-93.31947,-6,1,44.911564
55458,Minneapolis,MN,45.015914,-93.47188,-6,1,45.015914
55935,Fountain,MN,43.74676,-92.12889,-6,1,43.74676
56358,Ogilvie,MN,45.831767,-93.44162,-6,1,45.831767
55388,Watertown,MN,44.955136,-93.84467,-6,1,44.955136
56652,Leonard,MN,47.702771,-95.22132,-6,1,47.702771
56681,Squaw Lake,MN,47.617774,-94.24098,-6,1,47.617774
55101,Saint Paul,MN,44.964852,-93.08397,-6,1,44.964852
55575,Howard Lake,MN,45.015914,-93.47188,-6,1,45.015914
55129,Saint Paul,MN,44.896938,-92.90241,-6,1,44.896938
56571,Ottertail,MN,46.428432,-95.559,-6,1,46.428432
55551,Young America,MN,44.805487,-93.766524,-6,1,44.805487
55590,Monticello,MN,45.200875,-93.888099,-6,1,45.200875
56264,Minneota,MN,44.58701,-95.98153,-6,1,44.58701
56316,Brooten,MN,45.510591,-95.13636,-6,1,45.510591
56684,Trail,MN,47.855588,-95.69895,-6,1,47.855588
56364,Pierz,MN,45.996396,-94.08461,-6,1,45.996396
55373,Rockford,MN,45.087513,-93.73548,-6,1,45.087513
55807,Duluth,MN,46.738841,-92.16969,-6,1,46.738841
55445,Minneapolis,MN,45.112742,-93.3789,-6,1,45.112742
55741,Gilbert,MN,47.4741,-92.40533,-6,1,47.4741
55576,Maple Plain,MN,45.015914,-93.47188,-6,1,45.015914
55171,Saint Paul,MN,45.005902,-93.105869,-6,1,45.005902
55560,Young America,MN,44.805487,-93.766524,-6,1,44.805487
56733,Kennedy,MN,48.634961,-96.92156,-6,1,48.634961
55338,Green Isle,MN,44.670908,-94.01337,-6,1,44.670908
55423,Minneapolis,MN,44.877164,-93.28124,-6,1,44.877164
56021,Courtland,MN,44.277333,-94.31424,-6,1,44.277333
56715,Brooks,MN,47.808866,-95.97713,-6,1,47.808866
55120,Saint Paul,MN,44.873398,-93.14538,-6,1,44.873398
56165,Reading,MN,43.725227,-95.7032,-6,1,43.725227
55041,Lake City,MN,44.42278,-92.2948,-6,1,44.42278
56186,Woodstock,MN,44.028354,-96.07063,-6,1,44.028354
56563,Moorhead,MN,46.890034,-96.506156,-6,1,46.890034
55983,Wanamingo,MN,44.285672,-92.79816,-6,1,44.285672
55724,Cotton,MN,47.172574,-92.41048,-6,1,47.172574
55027,Goodhue,MN,44.408846,-92.63312,-6,1,44.408846
56335,Greenwald,MN,45.601429,-94.85864,-6,1,45.601429
55555,Young America,MN,44.805487,-93.766524,-6,1,44.805487
56327,Farwell,MN,45.778773,-95.60302,-6,1,45.778773
56237,Echo,MN,44.616243,-95.43173,-6,1,44.616243
56281,Prinsburg,MN,44.945831,-95.17628,-6,1,44.945831
55485,Minneapolis,MN,45.015914,-93.47188,-6,1,45.015914
56010,Amboy,MN,43.899907,-94.20634,-6,1,43.899907
56046,Hope,MN,43.955103,-93.274017,-6,1,43.955103
55921,Caledonia,MN,43.630012,-91.48667,-6,1,43.630012
56658,Margie,MN,48.27888,-93.755536,-6,1,48.27888
56339,Hoffman,MN,45.825031,-95.81104,-6,1,45.825031
56686,Williams,MN,48.786139,-94.91418,-6,1,48.786139
55332,Fairfax,MN,44.529702,-94.71718,-6,1,44.529702
55082,Stillwater,MN,45.054551,-92.82581,-6,1,45.054551
55103,Saint Paul,MN,44.964115,-93.12261,-6,1,44.964115
56453,Hewitt,MN,46.32091,-95.14567,-6,1,46.32091
55785,Swatara,MN,46.878205,-93.70721,-6,1,46.878205
56023,Delavan,MN,43.782104,-94.01341,-6,1,43.782104
55172,Saint Paul,MN,45.005902,-93.105869,-6,1,45.005902
55191,Saint Paul,MN,45.005902,-93.105869,-6,1,45.005902
55816,Duluth,MN,47.640367,-92.442797,-6,1,47.640367
55736,Floodwood,MN,46.929033,-92.90614,-6,1,46.929033
56384,Upsala,MN,45.80679,-94.57067,-6,1,45.80679
55767,Moose Lake,MN,46.44429,-92.7699,-6,1,46.44429
55972,Saint Charles,MN,43.977555,-92.06276,-6,1,43.977555
56128,Edgerton,MN,43.89387,-96.1285,-6,1,43.89387
56014,Bricelyn,MN,43.589604,-93.81676,-6,1,43.589604
55943,Houston,MN,43.769776,-91.57534,-6,1,43.769776
56232,Dawson,MN,44.932368,-96.04823,-6,1,44.932368
56354,Miltona,MN,46.063391,-95.28168,-6,1,46.063391
56325,Elrosa,MN,45.562459,-94.94661,-6,1,45.562459
56760,Viking,MN,48.232438,-96.44919,-6,1,48.232438
56118,Bingham Lake,MN,43.936146,-95.02938,-6,1,43.936146
55112,Saint Paul,MN,45.076365,-93.19335,-6,1,45.076365
55385,Stewart,MN,44.724926,-94.49346,-6,1,44.724926
55712,Bruno,MN,46.275431,-92.57886,-6,1,46.275431
56627,Big Falls,MN,48.186112,-93.80726,-6,1,48.186112
56183,Westbrook,MN,44.043567,-95.41116,-6,1,44.043567
56113,Arco,MN,44.398668,-96.17095,-6,1,44.398668
56078,Pemberton,MN,44.007228,-93.77764,-6,1,44.007228
55044,Lakeville,MN,44.669564,-93.26654,-6,1,44.669564
55468,Minneapolis,MN,45.015914,-93.47188,-6,1,45.015914
56732,Karlstad,MN,48.565296,-96.47578,-6,1,48.565296
55318,Chaska,MN,44.809954,-93.6105,-6,1,44.809954
56132,Garvin,MN,44.212536,-95.75998,-6,1,44.212536
55616,Two Harbors,MN,47.077723,-91.66464,-6,1,47.077723
56009,Alden,MN,43.667207,-93.55598,-6,1,43.667207
56330,Foreston,MN,45.732493,-93.73102,-6,1,45.732493
55595,Loretto,MN,45.015914,-93.47188,-6,1,45.015914
56388,Mount Morris,MN,45.946528,-93.84788,-6,1,45.946528
55426,Minneapolis,MN,44.952064,-93.37795,-6,1,44.952064
56050,Kasota,MN,44.28491,-93.95806,-6,1,44.28491
56318,Burtrum,MN,45.85303,-94.67459,-6,1,45.85303
56720,Donaldson,MN,48.574128,-96.89632,-6,1,48.574128
55596,Loretto,MN,45.015914,-93.47188,-6,1,45.015914
56467,Nevis,MN,46.970017,-94.85013,-6,1,46.970017
56584,Twin Valley,MN,47.245894,-96.24825,-6,1,47.245894
56723,Fisher,MN,47.826487,-96.83308,-6,1,47.826487
55562,Young America,MN,44.805487,-93.766524,-6,1,44.805487
56345,Little Falls,MN,45.994029,-94.37183,-6,1,45.994029
55725,Crane Lake,MN,48.262021,-92.61519,-6,1,48.262021
56090,Vernon Center,MN,43.95885,-94.22403,-6,1,43.95885
56211,Beardsley,MN,45.593033,-96.6879,-6,1,45.593033
55012,Center City,MN,45.41766,-92.80597,-6,1,45.41766
55397,Young America,MN,44.801162,-93.92368,-6,1,44.801162
55530,Elk River,MN,45.281604,-93.546333,-6,1,45.281604
55761,McKinley,MN,47.512426,-92.409999,-6,1,47.512426
56387,Waite Park,MN,45.550378,-94.22429,-6,1,45.550378
55438,Minneapolis,MN,44.8257,-93.38212,-6,1,44.8257
56716,Crookston,MN,47.761982,-96.58055,-6,1,47.761982
55310,Bird Island,MN,44.761856,-94.8845,-6,1,44.761856
55924,Claremont,MN,44.035716,-93.01627,-6,1,44.035716
55459,Minneapolis,MN,45.015914,-93.47188,-6,1,45.015914
